dataset	path	size	checksum	url
tc-e3-cadets	annotations/orthrus/E3-CADETS/node_Nginx_Backdoor_06.csv	688	sha256:8905ffa57f99e4cbbf4b78179850073020a70089ff3ce05716f15eb3e2357c69	https://raw.githubusercontent.com/ubc-provenance/PIDSMaker/438a05a7c55256f639e5b5945cf4828fe3ee078e/Ground_Truth/orthrus/E3-CADETS/node_Nginx_Backdoor_06.csv
tc-e3-cadets	annotations/orthrus/E3-CADETS/node_Nginx_Backdoor_11.csv	357	sha256:9c008ec853e1fd855fbc8c300b1603220ab0a6ba56691392cb7dda556f65ef3c	https://raw.githubusercontent.com/ubc-provenance/PIDSMaker/438a05a7c55256f639e5b5945cf4828fe3ee078e/Ground_Truth/orthrus/E3-CADETS/node_Nginx_Backdoor_11.csv
tc-e3-cadets	annotations/orthrus/E3-CADETS/node_Nginx_Backdoor_12.csv	3225	sha256:41b60345dcb551b5899b11fb116dc240493931a97ea3acd92c19d9a8a7730e88	https://raw.githubusercontent.com/ubc-provenance/PIDSMaker/438a05a7c55256f639e5b5945cf4828fe3ee078e/Ground_Truth/orthrus/E3-CADETS/node_Nginx_Backdoor_12.csv
tc-e3-cadets	annotations/orthrus/E3-CADETS/node_Nginx_Backdoor_13.csv	1816	sha256:1234a11304ba52cc7a9f0e6a4d006f1c14dc044a5a9201eec1e7ba7e42fa2bff	https://raw.githubusercontent.com/ubc-provenance/PIDSMaker/438a05a7c55256f639e5b5945cf4828fe3ee078e/Ground_Truth/orthrus/E3-CADETS/node_Nginx_Backdoor_13.csv
tc-e3-fivedirections	annotations/orthrus/E3-FIVEDIRECTIONS/node_fivedirections_e3_browser_0412.csv	96	sha256:e4192f671e5e2a35b4157a93e42fcd5511d0fb2fbf71cc58583deb2820aa4216	https://raw.githubusercontent.com/ubc-provenance/PIDSMaker/438a05a7c55256f639e5b5945cf4828fe3ee078e/Ground_Truth/orthrus/E3-FIVEDIRECTIONS/node_fivedirections_e3_browser_0412.csv
tc-e3-fivedirections	annotations/orthrus/E3-FIVEDIRECTIONS/node_fivedirections_e3_excel_0409.csv	9187	sha256:0845671f1c69d78f10d7e20cffc2582ee638cba08ca57b28814fe7be3bb55eda	https://raw.githubusercontent.com/ubc-provenance/PIDSMaker/438a05a7c55256f639e5b5945cf4828fe3ee078e/Ground_Truth/orthrus/E3-FIVEDIRECTIONS/node_fivedirections_e3_excel_0409.csv
tc-e3-fivedirections	annotations/orthrus/E3-FIVEDIRECTIONS/node_fivedirections_e3_firefox_0411.csv	6906	sha256:f3918c8ea54a14cf284f9f877b0d87a1350fb402c7f161cdbed0f0b0a40961ed	https://raw.githubusercontent.com/ubc-provenance/PIDSMaker/438a05a7c55256f639e5b5945cf4828fe3ee078e/Ground_Truth/orthrus/E3-FIVEDIRECTIONS/node_fivedirections_e3_firefox_0411.csv
tc-e3-theia	annotations/orthrus/E3-THEIA/node_Browser_Extension_Drakon_Dropper.csv	6607	sha256:3744eb81ee3b9c9daf913b98dd8a85335fbc1c29736ad345f7a13236ccb91250	https://raw.githubusercontent.com/ubc-provenance/PIDSMaker/438a05a7c55256f639e5b5945cf4828fe3ee078e/Ground_Truth/orthrus/E3-THEIA/node_Browser_Extension_Drakon_Dropper.csv
tc-e3-theia	annotations/orthrus/E3-THEIA/node_Firefox_Backdoor_Drakon_In_Memory.csv	6003	sha256:290da59a00161618e08020ccea25873a65c81c8ae26706b3f1b42257f4b62ca6	https://raw.githubusercontent.com/ubc-provenance/PIDSMaker/438a05a7c55256f639e5b5945cf4828fe3ee078e/Ground_Truth/orthrus/E3-THEIA/node_Firefox_Backdoor_Drakon_In_Memory.csv
tc-e3-trace	annotations/orthrus/E3-TRACE/node_trace_e3_firefox_0410.csv	850	sha256:f25388a6793aa3980ce95ae5bc6068b98f3c6db0c6babeddcbb82030c11c3761	https://raw.githubusercontent.com/ubc-provenance/PIDSMaker/438a05a7c55256f639e5b5945cf4828fe3ee078e/Ground_Truth/orthrus/E3-TRACE/node_trace_e3_firefox_0410.csv
tc-e3-trace	annotations/orthrus/E3-TRACE/node_trace_e3_phishing_executable_0413.csv	1061	sha256:b7b735fcd8fd33ace203983e75e569fc783c430b82659d347c255db75f27f67e	https://raw.githubusercontent.com/ubc-provenance/PIDSMaker/438a05a7c55256f639e5b5945cf4828fe3ee078e/Ground_Truth/orthrus/E3-TRACE/node_trace_e3_phishing_executable_0413.csv
tc-e3-trace	annotations/orthrus/E3-TRACE/node_trace_e3_pine_0413.csv	1358	sha256:6d968b38aff1648c09fb6e62eaf85b0ab4ae5e8090ad9038720b9116877ccbdb	https://raw.githubusercontent.com/ubc-provenance/PIDSMaker/438a05a7c55256f639e5b5945cf4828fe3ee078e/Ground_Truth/orthrus/E3-TRACE/node_trace_e3_pine_0413.csv
tc-e5-cadets	annotations/orthrus/E5-CADETS/node_Nginx_Drakon_APT.csv	1417	sha256:2e5327b94fef4751c9edc8f530b5ff6b5cea867ef403fff33280d2672fa42c07	https://raw.githubusercontent.com/ubc-provenance/PIDSMaker/438a05a7c55256f639e5b5945cf4828fe3ee078e/Ground_Truth/orthrus/E5-CADETS/node_Nginx_Drakon_APT.csv
tc-e5-cadets	annotations/orthrus/E5-CADETS/node_Nginx_Drakon_APT_17.csv	7499	sha256:10c3d8f11aa11f53a1fefa7fb84519e5a7a52be31ba805a696bb92e034949918	https://raw.githubusercontent.com/ubc-provenance/PIDSMaker/438a05a7c55256f639e5b5945cf4828fe3ee078e/Ground_Truth/orthrus/E5-CADETS/node_Nginx_Drakon_APT_17.csv
tc-e5-fivedirections	annotations/orthrus/E5-FIVEDIRECTIONS/node_fivedirections_e5_bits_0515.csv	6790	sha256:0841d453aff67c8254cc1d4a47265ed5cc0c8d7a79c1708ca0ab2019574b8cd4	https://raw.githubusercontent.com/ubc-provenance/PIDSMaker/438a05a7c55256f639e5b5945cf4828fe3ee078e/Ground_Truth/orthrus/E5-FIVEDIRECTIONS/node_fivedirections_e5_bits_0515.csv
tc-e5-fivedirections	annotations/orthrus/E5-FIVEDIRECTIONS/node_fivedirections_e5_copykatz_0509.csv	20995	sha256:9ba7f64b45aacb670a395356c14bf2a2a992ce9fccffd6dda40065752e6130de	https://raw.githubusercontent.com/ubc-provenance/PIDSMaker/438a05a7c55256f639e5b5945cf4828fe3ee078e/Ground_Truth/orthrus/E5-FIVEDIRECTIONS/node_fivedirections_e5_copykatz_0509.csv
tc-e5-fivedirections	annotations/orthrus/E5-FIVEDIRECTIONS/node_fivedirections_e5_dns_0517.csv	1266	sha256:c4ca6910338afec0555128d15f00c9ff1bce80b44ffebfe39d84ab84f8b640e3	https://raw.githubusercontent.com/ubc-provenance/PIDSMaker/438a05a7c55256f639e5b5945cf4828fe3ee078e/Ground_Truth/orthrus/E5-FIVEDIRECTIONS/node_fivedirections_e5_dns_0517.csv
tc-e5-fivedirections	annotations/orthrus/E5-FIVEDIRECTIONS/node_fivedirections_e5_drakon_0517.csv	787	sha256:bedd5adeda44654add866eb54752f87da2e71b8fb711018975dc015aef6e954f	https://raw.githubusercontent.com/ubc-provenance/PIDSMaker/438a05a7c55256f639e5b5945cf4828fe3ee078e/Ground_Truth/orthrus/E5-FIVEDIRECTIONS/node_fivedirections_e5_drakon_0517.csv
tc-e5-theia	annotations/orthrus/E5-THEIA/node_THEIA_1_Firefox_Drakon_APT_BinFmt_Elevate_Inject.csv	6649	sha256:f13984a6cbdb01039605a8aa6ed1ab735bb49258a1cb543ab42bc5f1f6cd8a9b	https://raw.githubusercontent.com/ubc-provenance/PIDSMaker/438a05a7c55256f639e5b5945cf4828fe3ee078e/Ground_Truth/orthrus/E5-THEIA/node_THEIA_1_Firefox_Drakon_APT_BinFmt_Elevate_Inject.csv
tc-e5-trace	annotations/orthrus/E5-TRACE/node_Trace_Firefox_Drakon.csv	17414	sha256:1055e300e020c1c5fc149f3a0068e8c1f779775da807ee40f8205ab36d6dedcb	https://raw.githubusercontent.com/ubc-provenance/PIDSMaker/438a05a7c55256f639e5b5945cf4828fe3ee078e/Ground_Truth/orthrus/E5-TRACE/node_Trace_Firefox_Drakon.csv
tc-e3-cadets	annotations/reapr/E3-CADETS/node_Nginx_Backdoor_06.csv	216	sha256:be2f42563dad8558806025fb8f90788ff21547d9c738c89cc8882a1ae85650a7	https://raw.githubusercontent.com/ubc-provenance/PIDSMaker/438a05a7c55256f639e5b5945cf4828fe3ee078e/Ground_Truth/reapr/E3-CADETS/node_Nginx_Backdoor_06.csv
tc-e3-cadets	annotations/reapr/E3-CADETS/node_Nginx_Backdoor_12.csv	46925	sha256:03486125bc23c64a772b373f8a8358f204aa4af4930ec0c0879737eb710cc495	https://raw.githubusercontent.com/ubc-provenance/PIDSMaker/438a05a7c55256f639e5b5945cf4828fe3ee078e/Ground_Truth/reapr/E3-CADETS/node_Nginx_Backdoor_12.csv
tc-e3-cadets	annotations/reapr/E3-CADETS/node_Nginx_Backdoor_13.csv	55193	sha256:a3f9061f8d72f65f542af2380189cfd18d512c7ed540ee91d374680a47298e6a	https://raw.githubusercontent.com/ubc-provenance/PIDSMaker/438a05a7c55256f639e5b5945cf4828fe3ee078e/Ground_Truth/reapr/E3-CADETS/node_Nginx_Backdoor_13.csv
tc-e3-fivedirections	annotations/reapr/E3-FIVEDIRECTIONS/node_fivedirections_e3_excel_0409.csv	0	sha256:e3b0c44298fc1c149afbf4c8996fb92427ae41e4649b934ca495991b7852b855	https://raw.githubusercontent.com/ubc-provenance/PIDSMaker/438a05a7c55256f639e5b5945cf4828fe3ee078e/Ground_Truth/reapr/E3-FIVEDIRECTIONS/node_fivedirections_e3_excel_0409.csv
tc-e3-fivedirections	annotations/reapr/E3-FIVEDIRECTIONS/node_fivedirections_e3_firefox_0411.csv	1320	sha256:ff5b2092daa98967b257942a435d8e7a1a0d28fbfe77bdd8710a4618a39aef68	https://raw.githubusercontent.com/ubc-provenance/PIDSMaker/438a05a7c55256f639e5b5945cf4828fe3ee078e/Ground_Truth/reapr/E3-FIVEDIRECTIONS/node_fivedirections_e3_firefox_0411.csv
tc-e3-theia	annotations/reapr/E3-THEIA/node_Browser_Extension_Drakon_Dropper.csv	4788	sha256:85e3371629f05a177345794c7120867965cdcb81fc72d6d89d8329d7fccc4b7b	https://raw.githubusercontent.com/ubc-provenance/PIDSMaker/438a05a7c55256f639e5b5945cf4828fe3ee078e/Ground_Truth/reapr/E3-THEIA/node_Browser_Extension_Drakon_Dropper.csv
tc-e3-theia	annotations/reapr/E3-THEIA/node_Firefox_Backdoor_Drakon_In_Memory.csv	8819	sha256:8600eaf8b0bb1e1c9add76643e002f656cce1c96d9833ea424e053ca0b4d5445	https://raw.githubusercontent.com/ubc-provenance/PIDSMaker/438a05a7c55256f639e5b5945cf4828fe3ee078e/Ground_Truth/reapr/E3-THEIA/node_Firefox_Backdoor_Drakon_In_Memory.csv
tc-e3-trace	annotations/reapr/E3-TRACE/node_trace_e3_firefox_0410.csv	2775	sha256:8886eb186a892a09149cbe3ea15086c888fb699213cce7ea5d6d076b3723e976	https://raw.githubusercontent.com/ubc-provenance/PIDSMaker/438a05a7c55256f639e5b5945cf4828fe3ee078e/Ground_Truth/reapr/E3-TRACE/node_trace_e3_firefox_0410.csv
tc-e3-trace	annotations/reapr/E3-TRACE/node_trace_e3_phishing_executable_0413.csv	958	sha256:e2efb24abe9c3a93db89406c6d38a541961b72db51eae9ee67a44a917c54ab7c	https://raw.githubusercontent.com/ubc-provenance/PIDSMaker/438a05a7c55256f639e5b5945cf4828fe3ee078e/Ground_Truth/reapr/E3-TRACE/node_trace_e3_phishing_executable_0413.csv
tc-e3-trace	annotations/reapr/E3-TRACE/node_trace_e3_pine_0413.csv	4764	sha256:686152da8360654ef7b31385d93b49e5a7909f5c068f1520844a75539999b9c2	https://raw.githubusercontent.com/ubc-provenance/PIDSMaker/438a05a7c55256f639e5b5945cf4828fe3ee078e/Ground_Truth/reapr/E3-TRACE/node_trace_e3_pine_0413.csv
tc-e3-cadets	annotations/threatrace/E3-CADETS/ground_truth.txt	475746	sha256:19b367eec60d96c3b3063117fabac7a41eeaf226159c3c0668fd400363716f60	https://raw.githubusercontent.com/ubc-provenance/PIDSMaker/438a05a7c55256f639e5b5945cf4828fe3ee078e/Ground_Truth/threatrace/E3-CADETS/ground_truth.txt
tc-e3-fivedirections	annotations/threatrace/E3-FIVEDIRECTIONS/ground_truth.txt	681540	sha256:d88a11f0c344463f5e953966a584566a19bb8881896ef2a801342f10ffe9bde0	https://raw.githubusercontent.com/ubc-provenance/PIDSMaker/438a05a7c55256f639e5b5945cf4828fe3ee078e/Ground_Truth/threatrace/E3-FIVEDIRECTIONS/ground_truth.txt
tc-e3-theia	annotations/threatrace/E3-THEIA/ground_truth.txt	938431	sha256:2902255747499654355be31de46e2a698fb26ce9f5c4b32ee1924bada62c0630	https://raw.githubusercontent.com/ubc-provenance/PIDSMaker/438a05a7c55256f639e5b5945cf4828fe3ee078e/Ground_Truth/threatrace/E3-THEIA/ground_truth.txt
tc-e3-trace	annotations/threatrace/E3-TRACE/ground_truth.txt	2525805	sha256:9ad76145905e154830b42d9cb0510cf7f268073d9949226be08e195964b75864	https://raw.githubusercontent.com/ubc-provenance/PIDSMaker/438a05a7c55256f639e5b5945cf4828fe3ee078e/Ground_Truth/threatrace/E3-TRACE/ground_truth.txt
tc-e3-cadets	annotations/original-reapr.csv	10934601	sha256:93d4b06d15e35e455c7f9b1c1b7ef33044e2121ad097546d8ab1e2fee203395b	https://api.bitbucket.org/2.0/repositories/sts-lab/reapr-ground-truth/src/32babb5613f7d8c4c9f7ab0a0e602da64521f149/darpa-tc-engagement3/cadets_labels.csv
tc-e3-fivedirections	annotations/original-reapr.csv	4454	sha256:e104ca3b398fc34b8366b48e85ea6ee46c89572363e155ec513dc2cbe42b7cd5	https://api.bitbucket.org/2.0/repositories/sts-lab/reapr-ground-truth/src/32babb5613f7d8c4c9f7ab0a0e602da64521f149/darpa-tc-engagement3/fivedirections_labels.csv
tc-e3-theia	annotations/original-reapr.csv	13711	sha256:cec018d864c944896fa047678117a31f8aecb1879222134abab5a7f0a3612af0	https://api.bitbucket.org/2.0/repositories/sts-lab/reapr-ground-truth/src/32babb5613f7d8c4c9f7ab0a0e602da64521f149/darpa-tc-engagement3/theia_labels.csv
tc-e3-trace	annotations/original-reapr.csv	989006	sha256:3b35bce221c51673884729efc6c2ad4324f7194bf45de952f5bff1690c2f8152	https://api.bitbucket.org/2.0/repositories/sts-lab/reapr-ground-truth/src/32babb5613f7d8c4c9f7ab0a0e602da64521f149/darpa-tc-engagement3/trace_labels.csv
